{"cameraMode":{"drawMode":0,"name":"Shaded","section":"Shading Mode"},"sceneLighting":true,"audioPlay":false,"sceneViewState":{"m_AlwaysRefresh":false,"showFog":true,"showSkybox":true,"showFlares":true,"showImageEffects":true,"showParticleSystems":true,"showVisualEffectGraphs":true,"m_FxEnabled":true},"in2DMode":false,"pivot":{"x":0.2674694061279297,"y":-47.588279724121097,"z":-39.959320068359378},"rotation":{"x":0.14628012478351594,"y":0.4423740804195404,"z":-0.07338821142911911,"w":0.8817652463912964},"size":190.89358520507813,"orthographic":false}